q_index;text;question;div_rater1;div_rater2;div_rater3
196;Les énormes yeux des insectes font quasiment le tour de leurs têtes. Ils voient donc en même temps vers l’avant, vers l’arrière, à droite, à gauche, vers le haut et vers le bas. Encore mieux qu’un casque de vision en 3D! En revanche, ils ne voient pas très net, parce que leur œil est constitué de centaines, ou même de milliers de petits yeux simples. Chacun de ces petits yeux est chargé de traiter une toute petite partie de l’environnement. Un petit œil produit un simple point d’une teinte et d’une intensité lumineuse données. Ces points sont ensuite assemblés les uns aux autres dans le cerveau de l’insecte pour former une image complète et unique. Un œil d’une abeille contient 4500 petits yeux. Celui d’une libellule en a 15000: c’est l'œil le plus complexe chez les insectes !;Pourquoi ces petits yeux sont chargés de traiter une petite partie de l'environnement ?;2;2;2
197;Les énormes yeux des insectes font quasiment le tour de leurs têtes. Ils voient donc en même temps vers l’avant, vers l’arrière, à droite, à gauche, vers le haut et vers le bas. Encore mieux qu’un casque de vision en 3D! En revanche, ils ne voient pas très net, parce que leur œil est constitué de centaines, ou même de milliers de petits yeux simples. Chacun de ces petits yeux est chargé de traiter une toute petite partie de l’environnement. Un petit œil produit un simple point d’une teinte et d’une intensité lumineuse données. Ces points sont ensuite assemblés les uns aux autres dans le cerveau de l’insecte pour former une image complète et unique. Un œil d’une abeille contient 4500 petits yeux. Celui d’une libellule en a 15000: c’est l'œil le plus complexe chez les insectes !;Comment les point sont ensuite assemblés;2;2;0
198;Les énormes yeux des insectes font quasiment le tour de leurs têtes. Ils voient donc en même temps vers l’avant, vers l’arrière, à droite, à gauche, vers le haut et vers le bas. Encore mieux qu’un casque de vision en 3D! En revanche, ils ne voient pas très net, parce que leur œil est constitué de centaines, ou même de milliers de petits yeux simples. Chacun de ces petits yeux est chargé de traiter une toute petite partie de l’environnement. Un petit œil produit un simple point d’une teinte et d’une intensité lumineuse données. Ces points sont ensuite assemblés les uns aux autres dans le cerveau de l’insecte pour former une image complète et unique. Un œil d’une abeille contient 4500 petits yeux. Celui d’une libellule en a 15000: c’est l'œil le plus complexe chez les insectes !;C'est quoi un casque de vision 3D ?;2;2;2
199;Les énormes yeux des insectes font quasiment le tour de leurs têtes. Ils voient donc en même temps vers l’avant, vers l’arrière, à droite, à gauche, vers le haut et vers le bas. Encore mieux qu’un casque de vision en 3D! En revanche, ils ne voient pas très net, parce que leur œil est constitué de centaines, ou même de milliers de petits yeux simples. Chacun de ces petits yeux est chargé de traiter une toute petite partie de l’environnement. Un petit œil produit un simple point d’une teinte et d’une intensité lumineuse données. Ces points sont ensuite assemblés les uns aux autres dans le cerveau de l’insecte pour former une image complète et unique. Un œil d’une abeille contient 4500 petits yeux. Celui d’une libellule en a 15000: c’est l'œil le plus complexe chez les insectes !;Combien d'yeux petits ont les humains en moyenne ?;2;2;2
200;Les énormes yeux des insectes font quasiment le tour de leurs têtes. Ils voient donc en même temps vers l’avant, vers l’arrière, à droite, à gauche, vers le haut et vers le bas. Encore mieux qu’un casque de vision en 3D! En revanche, ils ne voient pas très net, parce que leur œil est constitué de centaines, ou même de milliers de petits yeux simples. Chacun de ces petits yeux est chargé de traiter une toute petite partie de l’environnement. Un petit œil produit un simple point d’une teinte et d’une intensité lumineuse données. Ces points sont ensuite assemblés les uns aux autres dans le cerveau de l’insecte pour former une image complète et unique. Un œil d’une abeille contient 4500 petits yeux. Celui d’une libellule en a 15000: c’est l'œil le plus complexe chez les insectes !;Quel être vivant a le plus de petis yeux ?;1;1;2
201;Les énormes yeux des insectes font quasiment le tour de leurs têtes. Ils voient donc en même temps vers l’avant, vers l’arrière, à droite, à gauche, vers le haut et vers le bas. Encore mieux qu’un casque de vision en 3D! En revanche, ils ne voient pas très net, parce que leur œil est constitué de centaines, ou même de milliers de petits yeux simples. Chacun de ces petits yeux est chargé de traiter une toute petite partie de l’environnement. Un petit œil produit un simple point d’une teinte et d’une intensité lumineuse données. Ces points sont ensuite assemblés les uns aux autres dans le cerveau de l’insecte pour former une image complète et unique. Un œil d’une abeille contient 4500 petits yeux. Celui d’une libellule en a 15000: c’est l'œil le plus complexe chez les insectes !;Est ce qu'ils voient bien les couleurs ?;2;2;2
202;Les énormes yeux des insectes font quasiment le tour de leurs têtes. Ils voient donc en même temps vers l’avant, vers l’arrière, à droite, à gauche, vers le haut et vers le bas. Encore mieux qu’un casque de vision en 3D! En revanche, ils ne voient pas très net, parce que leur œil est constitué de centaines, ou même de milliers de petits yeux simples. Chacun de ces petits yeux est chargé de traiter une toute petite partie de l’environnement. Un petit œil produit un simple point d’une teinte et d’une intensité lumineuse données. Ces points sont ensuite assemblés les uns aux autres dans le cerveau de l’insecte pour former une image complète et unique. Un œil d’une abeille contient 4500 petits yeux. Celui d’une libellule en a 15000: c’est l'œil le plus complexe chez les insectes !;Est ce que l'escargot a plus de 2 yeux ?;2;2;2
203;Les énormes yeux des insectes font quasiment le tour de leurs têtes. Ils voient donc en même temps vers l’avant, vers l’arrière, à droite, à gauche, vers le haut et vers le bas. Encore mieux qu’un casque de vision en 3D! En revanche, ils ne voient pas très net, parce que leur œil est constitué de centaines, ou même de milliers de petits yeux simples. Chacun de ces petits yeux est chargé de traiter une toute petite partie de l’environnement. Un petit œil produit un simple point d’une teinte et d’une intensité lumineuse données. Ces points sont ensuite assemblés les uns aux autres dans le cerveau de l’insecte pour former une image complète et unique. Un œil d’une abeille contient 4500 petits yeux. Celui d’une libellule en a 15000: c’est l'œil le plus complexe chez les insectes !;Quelle est l'oeil le moins complexe chez les insectes ?;2;2;2
204;Les énormes yeux des insectes font quasiment le tour de leurs têtes. Ils voient donc en même temps vers l’avant, vers l’arrière, à droite, à gauche, vers le haut et vers le bas. Encore mieux qu’un casque de vision en 3D! En revanche, ils ne voient pas très net, parce que leur œil est constitué de centaines, ou même de milliers de petits yeux simples. Chacun de ces petits yeux est chargé de traiter une toute petite partie de l’environnement. Un petit œil produit un simple point d’une teinte et d’une intensité lumineuse données. Ces points sont ensuite assemblés les uns aux autres dans le cerveau de l’insecte pour former une image complète et unique. Un œil d’une abeille contient 4500 petits yeux. Celui d’une libellule en a 15000: c’est l'œil le plus complexe chez les insectes !;Comment ils voient derrière ?;1;1;0
205;Les énormes yeux des insectes font quasiment le tour de leurs têtes. Ils voient donc en même temps vers l’avant, vers l’arrière, à droite, à gauche, vers le haut et vers le bas. Encore mieux qu’un casque de vision en 3D! En revanche, ils ne voient pas très net, parce que leur œil est constitué de centaines, ou même de milliers de petits yeux simples. Chacun de ces petits yeux est chargé de traiter une toute petite partie de l’environnement. Un petit œil produit un simple point d’une teinte et d’une intensité lumineuse données. Ces points sont ensuite assemblés les uns aux autres dans le cerveau de l’insecte pour former une image complète et unique. Un œil d’une abeille contient 4500 petits yeux. Celui d’une libellule en a 15000: c’est l'œil le plus complexe chez les insectes !;Est ce qu'ils sont comme ça de la naissance à la mort ?;2;2;2
206;Les énormes yeux des insectes font quasiment le tour de leurs têtes. Ils voient donc en même temps vers l’avant, vers l’arrière, à droite, à gauche, vers le haut et vers le bas. Encore mieux qu’un casque de vision en 3D! En revanche, ils ne voient pas très net, parce que leur œil est constitué de centaines, ou même de milliers de petits yeux simples. Chacun de ces petits yeux est chargé de traiter une toute petite partie de l’environnement. Un petit œil produit un simple point d’une teinte et d’une intensité lumineuse données. Ces points sont ensuite assemblés les uns aux autres dans le cerveau de l’insecte pour former une image complète et unique. Un œil d’une abeille contient 4500 petits yeux. Celui d’une libellule en a 15000: c’est l'œil le plus complexe chez les insectes !;La libellule en a 15000 pile ou un peu plus/moins ? ;0;0;2
207;Les énormes yeux des insectes font quasiment le tour de leurs têtes. Ils voient donc en même temps vers l’avant, vers l’arrière, à droite, à gauche, vers le haut et vers le bas. Encore mieux qu’un casque de vision en 3D! En revanche, ils ne voient pas très net, parce que leur œil est constitué de centaines, ou même de milliers de petits yeux simples. Chacun de ces petits yeux est chargé de traiter une toute petite partie de l’environnement. Un petit œil produit un simple point d’une teinte et d’une intensité lumineuse données. Ces points sont ensuite assemblés les uns aux autres dans le cerveau de l’insecte pour former une image complète et unique. Un œil d’une abeille contient 4500 petits yeux. Celui d’une libellule en a 15000: c’est l'œil le plus complexe chez les insectes !;Et l'abeille ?;0;0;2
208;Les énormes yeux des insectes font quasiment le tour de leurs têtes. Ils voient donc en même temps vers l’avant, vers l’arrière, à droite, à gauche, vers le haut et vers le bas. Encore mieux qu’un casque de vision en 3D! En revanche, ils ne voient pas très net, parce que leur œil est constitué de centaines, ou même de milliers de petits yeux simples. Chacun de ces petits yeux est chargé de traiter une toute petite partie de l’environnement. Un petit œil produit un simple point d’une teinte et d’une intensité lumineuse données. Ces points sont ensuite assemblés les uns aux autres dans le cerveau de l’insecte pour former une image complète et unique. Un œil d’une abeille contient 4500 petits yeux. Celui d’une libellule en a 15000: c’est l'œil le plus complexe chez les insectes !;Peut-on voir le petit oeil d'un insecte à l'oeil nu ? ;2;2;2
209;Les énormes yeux des insectes font quasiment le tour de leurs têtes. Ils voient donc en même temps vers l’avant, vers l’arrière, à droite, à gauche, vers le haut et vers le bas. Encore mieux qu’un casque de vision en 3D! En revanche, ils ne voient pas très net, parce que leur œil est constitué de centaines, ou même de milliers de petits yeux simples. Chacun de ces petits yeux est chargé de traiter une toute petite partie de l’environnement. Un petit œil produit un simple point d’une teinte et d’une intensité lumineuse données. Ces points sont ensuite assemblés les uns aux autres dans le cerveau de l’insecte pour former une image complète et unique. Un œil d’une abeille contient 4500 petits yeux. Celui d’une libellule en a 15000: c’est l'œil le plus complexe chez les insectes !;Et avec une loupe ?;2;2;2
210;Les énormes yeux des insectes font quasiment le tour de leurs têtes. Ils voient donc en même temps vers l’avant, vers l’arrière, à droite, à gauche, vers le haut et vers le bas. Encore mieux qu’un casque de vision en 3D! En revanche, ils ne voient pas très net, parce que leur œil est constitué de centaines, ou même de milliers de petits yeux simples. Chacun de ces petits yeux est chargé de traiter une toute petite partie de l’environnement. Un petit œil produit un simple point d’une teinte et d’une intensité lumineuse données. Ces points sont ensuite assemblés les uns aux autres dans le cerveau de l’insecte pour former une image complète et unique. Un œil d’une abeille contient 4500 petits yeux. Celui d’une libellule en a 15000: c’est l'œil le plus complexe chez les insectes !;Quel est l'insecte ayant l'oeil le moins complexe ?;2;2;2
212;Les énormes yeux des insectes font quasiment le tour de leurs têtes. Ils voient donc en même temps vers l’avant, vers l’arrière, à droite, à gauche, vers le haut et vers le bas. Encore mieux qu’un casque de vision en 3D! En revanche, ils ne voient pas très net, parce que leur œil est constitué de centaines, ou même de milliers de petits yeux simples. Chacun de ces petits yeux est chargé de traiter une toute petite partie de l’environnement. Un petit œil produit un simple point d’une teinte et d’une intensité lumineuse données. Ces points sont ensuite assemblés les uns aux autres dans le cerveau de l’insecte pour former une image complète et unique. Un œil d’une abeille contient 4500 petits yeux. Celui d’une libellule en a 15000: c’est l'œil le plus complexe chez les insectes !;C'est le jour ou la nuit ?;2;2;2
213;Les énormes yeux des insectes font quasiment le tour de leurs têtes. Ils voient donc en même temps vers l’avant, vers l’arrière, à droite, à gauche, vers le haut et vers le bas. Encore mieux qu’un casque de vision en 3D! En revanche, ils ne voient pas très net, parce que leur œil est constitué de centaines, ou même de milliers de petits yeux simples. Chacun de ces petits yeux est chargé de traiter une toute petite partie de l’environnement. Un petit œil produit un simple point d’une teinte et d’une intensité lumineuse données. Ces points sont ensuite assemblés les uns aux autres dans le cerveau de l’insecte pour former une image complète et unique. Un œil d’une abeille contient 4500 petits yeux. Celui d’une libellule en a 15000: c’est l'œil le plus complexe chez les insectes !;Pourquoi les yeux des insectes font quasiment le tour de leur tête ?;2;2;2
214;Les énormes yeux des insectes font quasiment le tour de leurs têtes. Ils voient donc en même temps vers l’avant, vers l’arrière, à droite, à gauche, vers le haut et vers le bas. Encore mieux qu’un casque de vision en 3D! En revanche, ils ne voient pas très net, parce que leur œil est constitué de centaines, ou même de milliers de petits yeux simples. Chacun de ces petits yeux est chargé de traiter une toute petite partie de l’environnement. Un petit œil produit un simple point d’une teinte et d’une intensité lumineuse données. Ces points sont ensuite assemblés les uns aux autres dans le cerveau de l’insecte pour former une image complète et unique. Un œil d’une abeille contient 4500 petits yeux. Celui d’une libellule en a 15000: c’est l'œil le plus complexe chez les insectes !;Pourquoi l'oeil de l'abeille contiennent 4500 petits yeux ?;2;2;2
215;Les énormes yeux des insectes font quasiment le tour de leurs têtes. Ils voient donc en même temps vers l’avant, vers l’arrière, à droite, à gauche, vers le haut et vers le bas. Encore mieux qu’un casque de vision en 3D! En revanche, ils ne voient pas très net, parce que leur œil est constitué de centaines, ou même de milliers de petits yeux simples. Chacun de ces petits yeux est chargé de traiter une toute petite partie de l’environnement. Un petit œil produit un simple point d’une teinte et d’une intensité lumineuse données. Ces points sont ensuite assemblés les uns aux autres dans le cerveau de l’insecte pour former une image complète et unique. Un œil d’une abeille contient 4500 petits yeux. Celui d’une libellule en a 15000: c’est l'œil le plus complexe chez les insectes !;Pourquoi un petit oeil produit un simple petit point d'une teinte et d'une intensité lumineuse données ?;2;2;2
216;Les énormes yeux des insectes font quasiment le tour de leurs têtes. Ils voient donc en même temps vers l’avant, vers l’arrière, à droite, à gauche, vers le haut et vers le bas. Encore mieux qu’un casque de vision en 3D! En revanche, ils ne voient pas très net, parce que leur œil est constitué de centaines, ou même de milliers de petits yeux simples. Chacun de ces petits yeux est chargé de traiter une toute petite partie de l’environnement. Un petit œil produit un simple point d’une teinte et d’une intensité lumineuse données. Ces points sont ensuite assemblés les uns aux autres dans le cerveau de l’insecte pour former une image complète et unique. Un œil d’une abeille contient 4500 petits yeux. Celui d’une libellule en a 15000: c’est l'œil le plus complexe chez les insectes !;C'est quoi une intensité ?;2;2;2
217;Les énormes yeux des insectes font quasiment le tour de leurs têtes. Ils voient donc en même temps vers l’avant, vers l’arrière, à droite, à gauche, vers le haut et vers le bas. Encore mieux qu’un casque de vision en 3D! En revanche, ils ne voient pas très net, parce que leur œil est constitué de centaines, ou même de milliers de petits yeux simples. Chacun de ces petits yeux est chargé de traiter une toute petite partie de l’environnement. Un petit œil produit un simple point d’une teinte et d’une intensité lumineuse données. Ces points sont ensuite assemblés les uns aux autres dans le cerveau de l’insecte pour former une image complète et unique. Un œil d’une abeille contient 4500 petits yeux. Celui d’une libellule en a 15000: c’est l'œil le plus complexe chez les insectes !;Combien de petits yeux ont les fourmis ?;2;2;2
218;Les énormes yeux des insectes font quasiment le tour de leurs têtes. Ils voient donc en même temps vers l’avant, vers l’arrière, à droite, à gauche, vers le haut et vers le bas. Encore mieux qu’un casque de vision en 3D! En revanche, ils ne voient pas très net, parce que leur œil est constitué de centaines, ou même de milliers de petits yeux simples. Chacun de ces petits yeux est chargé de traiter une toute petite partie de l’environnement. Un petit œil produit un simple point d’une teinte et d’une intensité lumineuse données. Ces points sont ensuite assemblés les uns aux autres dans le cerveau de l’insecte pour former une image complète et unique. Un œil d’une abeille contient 4500 petits yeux. Celui d’une libellule en a 15000: c’est l'œil le plus complexe chez les insectes !;Quelle taille font les petits yeux des insectes ?;2;2;2
219;Les énormes yeux des insectes font quasiment le tour de leurs têtes. Ils voient donc en même temps vers l’avant, vers l’arrière, à droite, à gauche, vers le haut et vers le bas. Encore mieux qu’un casque de vision en 3D! En revanche, ils ne voient pas très net, parce que leur œil est constitué de centaines, ou même de milliers de petits yeux simples. Chacun de ces petits yeux est chargé de traiter une toute petite partie de l’environnement. Un petit œil produit un simple point d’une teinte et d’une intensité lumineuse données. Ces points sont ensuite assemblés les uns aux autres dans le cerveau de l’insecte pour former une image complète et unique. Un œil d’une abeille contient 4500 petits yeux. Celui d’une libellule en a 15000: c’est l'œil le plus complexe chez les insectes !;Pourquoi les insectes ont plus d'oeil que nous les humains ?;2;2;2
220;Les énormes yeux des insectes font quasiment le tour de leurs têtes. Ils voient donc en même temps vers l’avant, vers l’arrière, à droite, à gauche, vers le haut et vers le bas. Encore mieux qu’un casque de vision en 3D! En revanche, ils ne voient pas très net, parce que leur œil est constitué de centaines, ou même de milliers de petits yeux simples. Chacun de ces petits yeux est chargé de traiter une toute petite partie de l’environnement. Un petit œil produit un simple point d’une teinte et d’une intensité lumineuse données. Ces points sont ensuite assemblés les uns aux autres dans le cerveau de l’insecte pour former une image complète et unique. Un œil d’une abeille contient 4500 petits yeux. Celui d’une libellule en a 15000: c’est l'œil le plus complexe chez les insectes !;"Dans la phrase ""un petit oeil produit un simple point"", c'est quoi un point ?";1;1;2
221;Les énormes yeux des insectes font quasiment le tour de leurs têtes. Ils voient donc en même temps vers l’avant, vers l’arrière, à droite, à gauche, vers le haut et vers le bas. Encore mieux qu’un casque de vision en 3D! En revanche, ils ne voient pas très net, parce que leur œil est constitué de centaines, ou même de milliers de petits yeux simples. Chacun de ces petits yeux est chargé de traiter une toute petite partie de l’environnement. Un petit œil produit un simple point d’une teinte et d’une intensité lumineuse données. Ces points sont ensuite assemblés les uns aux autres dans le cerveau de l’insecte pour former une image complète et unique. Un œil d’une abeille contient 4500 petits yeux. Celui d’une libellule en a 15000: c’est l'œil le plus complexe chez les insectes !;Pourquoi la libellule a plus d'oeil que l'abeille ?;2;2;2
222;Les énormes yeux des insectes font quasiment le tour de leurs têtes. Ils voient donc en même temps vers l’avant, vers l’arrière, à droite, à gauche, vers le haut et vers le bas. Encore mieux qu’un casque de vision en 3D! En revanche, ils ne voient pas très net, parce que leur œil est constitué de centaines, ou même de milliers de petits yeux simples. Chacun de ces petits yeux est chargé de traiter une toute petite partie de l’environnement. Un petit œil produit un simple point d’une teinte et d’une intensité lumineuse données. Ces points sont ensuite assemblés les uns aux autres dans le cerveau de l’insecte pour former une image complète et unique. Un œil d’une abeille contient 4500 petits yeux. Celui d’une libellule en a 15000: c’est l'œil le plus complexe chez les insectes !;"Quand le texte parle de ""petits yeux"", c'est des yeux comme les nôtres ou des minuscules? parce que 15000 oeil ville les notres ça prendrait tout le corps de l'insecte,";1;1;1
223;Les énormes yeux des insectes font quasiment le tour de leurs têtes. Ils voient donc en même temps vers l’avant, vers l’arrière, à droite, à gauche, vers le haut et vers le bas. Encore mieux qu’un casque de vision en 3D! En revanche, ils ne voient pas très net, parce que leur œil est constitué de centaines, ou même de milliers de petits yeux simples. Chacun de ces petits yeux est chargé de traiter une toute petite partie de l’environnement. Un petit œil produit un simple point d’une teinte et d’une intensité lumineuse données. Ces points sont ensuite assemblés les uns aux autres dans le cerveau de l’insecte pour former une image complète et unique. Un œil d’une abeille contient 4500 petits yeux. Celui d’une libellule en a 15000: c’est l'œil le plus complexe chez les insectes !;C'est qui qui a la vision en 3D ses l'abeille ou la libellule ?;1;1;1
224;Les énormes yeux des insectes font quasiment le tour de leurs têtes. Ils voient donc en même temps vers l’avant, vers l’arrière, à droite, à gauche, vers le haut et vers le bas. Encore mieux qu’un casque de vision en 3D! En revanche, ils ne voient pas très net, parce que leur œil est constitué de centaines, ou même de milliers de petits yeux simples. Chacun de ces petits yeux est chargé de traiter une toute petite partie de l’environnement. Un petit œil produit un simple point d’une teinte et d’une intensité lumineuse données. Ces points sont ensuite assemblés les uns aux autres dans le cerveau de l’insecte pour former une image complète et unique. Un œil d’une abeille contient 4500 petits yeux. Celui d’une libellule en a 15000: c’est l'œil le plus complexe chez les insectes !;Pourquoi la libellule a 15000 oeil alors que l'abeille a 4500 ?;2;2;2
225;Les énormes yeux des insectes font quasiment le tour de leurs têtes. Ils voient donc en même temps vers l’avant, vers l’arrière, à droite, à gauche, vers le haut et vers le bas. Encore mieux qu’un casque de vision en 3D! En revanche, ils ne voient pas très net, parce que leur œil est constitué de centaines, ou même de milliers de petits yeux simples. Chacun de ces petits yeux est chargé de traiter une toute petite partie de l’environnement. Un petit œil produit un simple point d’une teinte et d’une intensité lumineuse données. Ces points sont ensuite assemblés les uns aux autres dans le cerveau de l’insecte pour former une image complète et unique. Un œil d’une abeille contient 4500 petits yeux. Celui d’une libellule en a 15000: c’est l'œil le plus complexe chez les insectes !;Est ce que l'oeil d'une libellule contiennent 15000 petit oeil ou s'est un nombre rond ?;0;0;1
226;Les énormes yeux des insectes font quasiment le tour de leurs têtes. Ils voient donc en même temps vers l’avant, vers l’arrière, à droite, à gauche, vers le haut et vers le bas. Encore mieux qu’un casque de vision en 3D! En revanche, ils ne voient pas très net, parce que leur œil est constitué de centaines, ou même de milliers de petits yeux simples. Chacun de ces petits yeux est chargé de traiter une toute petite partie de l’environnement. Un petit œil produit un simple point d’une teinte et d’une intensité lumineuse données. Ces points sont ensuite assemblés les uns aux autres dans le cerveau de l’insecte pour former une image complète et unique. Un œil d’une abeille contient 4500 petits yeux. Celui d’une libellule en a 15000: c’est l'œil le plus complexe chez les insectes !;Une petit oeil voit combien en taille ?;2;2;2
227;Les énormes yeux des insectes font quasiment le tour de leurs têtes. Ils voient donc en même temps vers l’avant, vers l’arrière, à droite, à gauche, vers le haut et vers le bas. Encore mieux qu’un casque de vision en 3D! En revanche, ils ne voient pas très net, parce que leur œil est constitué de centaines, ou même de milliers de petits yeux simples. Chacun de ces petits yeux est chargé de traiter une toute petite partie de l’environnement. Un petit œil produit un simple point d’une teinte et d’une intensité lumineuse données. Ces points sont ensuite assemblés les uns aux autres dans le cerveau de l’insecte pour former une image complète et unique. Un œil d’une abeille contient 4500 petits yeux. Celui d’une libellule en a 15000: c’est l'œil le plus complexe chez les insectes !;Pourquoi ils ont autant d'oeil ?;2;2;2
230;Les énormes yeux des insectes font quasiment le tour de leurs têtes. Ils voient donc en même temps vers l’avant, vers l’arrière, à droite, à gauche, vers le haut et vers le bas. Encore mieux qu’un casque de vision en 3D! En revanche, ils ne voient pas très net, parce que leur œil est constitué de centaines, ou même de milliers de petits yeux simples. Chacun de ces petits yeux est chargé de traiter une toute petite partie de l’environnement. Un petit œil produit un simple point d’une teinte et d’une intensité lumineuse données. Ces points sont ensuite assemblés les uns aux autres dans le cerveau de l’insecte pour former une image complète et unique. Un œil d’une abeille contient 4500 petits yeux. Celui d’une libellule en a 15000: c’est l'œil le plus complexe chez les insectes !;La 3D est bien longueur, hauteur, largeur et profondeur ?;2;2;2
231;Les énormes yeux des insectes font quasiment le tour de leurs têtes. Ils voient donc en même temps vers l’avant, vers l’arrière, à droite, à gauche, vers le haut et vers le bas. Encore mieux qu’un casque de vision en 3D! En revanche, ils ne voient pas très net, parce que leur œil est constitué de centaines, ou même de milliers de petits yeux simples. Chacun de ces petits yeux est chargé de traiter une toute petite partie de l’environnement. Un petit œil produit un simple point d’une teinte et d’une intensité lumineuse données. Ces points sont ensuite assemblés les uns aux autres dans le cerveau de l’insecte pour former une image complète et unique. Un œil d’une abeille contient 4500 petits yeux. Celui d’une libellule en a 15000: c’est l'œil le plus complexe chez les insectes !;Combien l'oeil des autres insectes contiennent-ils de petits yeux ?;2;2;2
232;Les énormes yeux des insectes font quasiment le tour de leurs têtes. Ils voient donc en même temps vers l’avant, vers l’arrière, à droite, à gauche, vers le haut et vers le bas. Encore mieux qu’un casque de vision en 3D! En revanche, ils ne voient pas très net, parce que leur œil est constitué de centaines, ou même de milliers de petits yeux simples. Chacun de ces petits yeux est chargé de traiter une toute petite partie de l’environnement. Un petit œil produit un simple point d’une teinte et d’une intensité lumineuse données. Ces points sont ensuite assemblés les uns aux autres dans le cerveau de l’insecte pour former une image complète et unique. Un œil d’une abeille contient 4500 petits yeux. Celui d’une libellule en a 15000: c’est l'œil le plus complexe chez les insectes !;Quelle sorte de vision ça fait aussi insectes ?;1;1;2
233;Les énormes yeux des insectes font quasiment le tour de leurs têtes. Ils voient donc en même temps vers l’avant, vers l’arrière, à droite, à gauche, vers le haut et vers le bas. Encore mieux qu’un casque de vision en 3D! En revanche, ils ne voient pas très net, parce que leur œil est constitué de centaines, ou même de milliers de petits yeux simples. Chacun de ces petits yeux est chargé de traiter une toute petite partie de l’environnement. Un petit œil produit un simple point d’une teinte et d’une intensité lumineuse données. Ces points sont ensuite assemblés les uns aux autres dans le cerveau de l’insecte pour former une image complète et unique. Un œil d’une abeille contient 4500 petits yeux. Celui d’une libellule en a 15000: c’est l'œil le plus complexe chez les insectes !;Est ce que les insectes ont obligatoirement plus de 1000 petits yeux ?;0;0;0
234;Les énormes yeux des insectes font quasiment le tour de leurs têtes. Ils voient donc en même temps vers l’avant, vers l’arrière, à droite, à gauche, vers le haut et vers le bas. Encore mieux qu’un casque de vision en 3D! En revanche, ils ne voient pas très net, parce que leur œil est constitué de centaines, ou même de milliers de petits yeux simples. Chacun de ces petits yeux est chargé de traiter une toute petite partie de l’environnement. Un petit œil produit un simple point d’une teinte et d’une intensité lumineuse données. Ces points sont ensuite assemblés les uns aux autres dans le cerveau de l’insecte pour former une image complète et unique. Un œil d’une abeille contient 4500 petits yeux. Celui d’une libellule en a 15000: c’est l'œil le plus complexe chez les insectes !;Comment ils font pour assembler les points sans prendre beaucoup de temps ?;2;2;2
235;Les énormes yeux des insectes font quasiment le tour de leurs têtes. Ils voient donc en même temps vers l’avant, vers l’arrière, à droite, à gauche, vers le haut et vers le bas. Encore mieux qu’un casque de vision en 3D! En revanche, ils ne voient pas très net, parce que leur œil est constitué de centaines, ou même de milliers de petits yeux simples. Chacun de ces petits yeux est chargé de traiter une toute petite partie de l’environnement. Un petit œil produit un simple point d’une teinte et d’une intensité lumineuse données. Ces points sont ensuite assemblés les uns aux autres dans le cerveau de l’insecte pour former une image complète et unique. Un œil d’une abeille contient 4500 petits yeux. Celui d’une libellule en a 15000: c’est l'œil le plus complexe chez les insectes !;A quelle vitesse le cerveau de l'insecte peut-il former une image ?;2;2;2
236;Les énormes yeux des insectes font quasiment le tour de leurs têtes. Ils voient donc en même temps vers l’avant, vers l’arrière, à droite, à gauche, vers le haut et vers le bas. Encore mieux qu’un casque de vision en 3D! En revanche, ils ne voient pas très net, parce que leur œil est constitué de centaines, ou même de milliers de petits yeux simples. Chacun de ces petits yeux est chargé de traiter une toute petite partie de l’environnement. Un petit œil produit un simple point d’une teinte et d’une intensité lumineuse données. Ces points sont ensuite assemblés les uns aux autres dans le cerveau de l’insecte pour former une image complète et unique. Un œil d’une abeille contient 4500 petits yeux. Celui d’une libellule en a 15000: c’est l'œil le plus complexe chez les insectes !;Comment les petits insectes ont des milliers de petits yeux ?;1;1;2
237;Les énormes yeux des insectes font quasiment le tour de leurs têtes. Ils voient donc en même temps vers l’avant, vers l’arrière, à droite, à gauche, vers le haut et vers le bas. Encore mieux qu’un casque de vision en 3D! En revanche, ils ne voient pas très net, parce que leur œil est constitué de centaines, ou même de milliers de petits yeux simples. Chacun de ces petits yeux est chargé de traiter une toute petite partie de l’environnement. Un petit œil produit un simple point d’une teinte et d’une intensité lumineuse données. Ces points sont ensuite assemblés les uns aux autres dans le cerveau de l’insecte pour former une image complète et unique. Un œil d’une abeille contient 4500 petits yeux. Celui d’une libellule en a 15000: c’est l'œil le plus complexe chez les insectes !;Pourquoi une abeille a 4500 petits yeux alors qu'une libellule en a 15000 ?;2;2;2
238;Les énormes yeux des insectes font quasiment le tour de leurs têtes. Ils voient donc en même temps vers l’avant, vers l’arrière, à droite, à gauche, vers le haut et vers le bas. Encore mieux qu’un casque de vision en 3D! En revanche, ils ne voient pas très net, parce que leur œil est constitué de centaines, ou même de milliers de petits yeux simples. Chacun de ces petits yeux est chargé de traiter une toute petite partie de l’environnement. Un petit œil produit un simple point d’une teinte et d’une intensité lumineuse données. Ces points sont ensuite assemblés les uns aux autres dans le cerveau de l’insecte pour former une image complète et unique. Un œil d’une abeille contient 4500 petits yeux. Celui d’une libellule en a 15000: c’est l'œil le plus complexe chez les insectes !;Pourquoi les énormes yeux des insectes c'est mieux qu'un casque de 3D ?;1;1;2
239;Les énormes yeux des insectes font quasiment le tour de leurs têtes. Ils voient donc en même temps vers l’avant, vers l’arrière, à droite, à gauche, vers le haut et vers le bas. Encore mieux qu’un casque de vision en 3D! En revanche, ils ne voient pas très net, parce que leur œil est constitué de centaines, ou même de milliers de petits yeux simples. Chacun de ces petits yeux est chargé de traiter une toute petite partie de l’environnement. Un petit œil produit un simple point d’une teinte et d’une intensité lumineuse données. Ces points sont ensuite assemblés les uns aux autres dans le cerveau de l’insecte pour former une image complète et unique. Un œil d’une abeille contient 4500 petits yeux. Celui d’une libellule en a 15000: c’est l'œil le plus complexe chez les insectes !;Pourquoi ils ne voient pas net ?;1;1;1
240;Les énormes yeux des insectes font quasiment le tour de leurs têtes. Ils voient donc en même temps vers l’avant, vers l’arrière, à droite, à gauche, vers le haut et vers le bas. Encore mieux qu’un casque de vision en 3D! En revanche, ils ne voient pas très net, parce que leur œil est constitué de centaines, ou même de milliers de petits yeux simples. Chacun de ces petits yeux est chargé de traiter une toute petite partie de l’environnement. Un petit œil produit un simple point d’une teinte et d’une intensité lumineuse données. Ces points sont ensuite assemblés les uns aux autres dans le cerveau de l’insecte pour former une image complète et unique. Un œil d’une abeille contient 4500 petits yeux. Celui d’une libellule en a 15000: c’est l'œil le plus complexe chez les insectes !;L'oeil d'une libellule voit-il plus net que l'oeil d'une abeille ?;2;2;2
241;Les énormes yeux des insectes font quasiment le tour de leurs têtes. Ils voient donc en même temps vers l’avant, vers l’arrière, à droite, à gauche, vers le haut et vers le bas. Encore mieux qu’un casque de vision en 3D! En revanche, ils ne voient pas très net, parce que leur œil est constitué de centaines, ou même de milliers de petits yeux simples. Chacun de ces petits yeux est chargé de traiter une toute petite partie de l’environnement. Un petit œil produit un simple point d’une teinte et d’une intensité lumineuse données. Ces points sont ensuite assemblés les uns aux autres dans le cerveau de l’insecte pour former une image complète et unique. Un œil d’une abeille contient 4500 petits yeux. Celui d’une libellule en a 15000: c’est l'œil le plus complexe chez les insectes !;C'est quoi un casque de vision 3D,;2;2;1
242;Les énormes yeux des insectes font quasiment le tour de leurs têtes. Ils voient donc en même temps vers l’avant, vers l’arrière, à droite, à gauche, vers le haut et vers le bas. Encore mieux qu’un casque de vision en 3D! En revanche, ils ne voient pas très net, parce que leur œil est constitué de centaines, ou même de milliers de petits yeux simples. Chacun de ces petits yeux est chargé de traiter une toute petite partie de l’environnement. Un petit œil produit un simple point d’une teinte et d’une intensité lumineuse données. Ces points sont ensuite assemblés les uns aux autres dans le cerveau de l’insecte pour former une image complète et unique. Un œil d’une abeille contient 4500 petits yeux. Celui d’une libellule en a 15000: c’est l'œil le plus complexe chez les insectes !;Est ce que les insectes ont des centaines ou de milliers de petits yeux simples ?;0;0;0
243;Les énormes yeux des insectes font quasiment le tour de leurs têtes. Ils voient donc en même temps vers l’avant, vers l’arrière, à droite, à gauche, vers le haut et vers le bas. Encore mieux qu’un casque de vision en 3D! En revanche, ils ne voient pas très net, parce que leur œil est constitué de centaines, ou même de milliers de petits yeux simples. Chacun de ces petits yeux est chargé de traiter une toute petite partie de l’environnement. Un petit œil produit un simple point d’une teinte et d’une intensité lumineuse données. Ces points sont ensuite assemblés les uns aux autres dans le cerveau de l’insecte pour former une image complète et unique. Un œil d’une abeille contient 4500 petits yeux. Celui d’une libellule en a 15000: c’est l'œil le plus complexe chez les insectes !;Pourquoi les yeux des insectes sont aussi gros;1;1;1
244;Les énormes yeux des insectes font quasiment le tour de leurs têtes. Ils voient donc en même temps vers l’avant, vers l’arrière, à droite, à gauche, vers le haut et vers le bas. Encore mieux qu’un casque de vision en 3D! En revanche, ils ne voient pas très net, parce que leur œil est constitué de centaines, ou même de milliers de petits yeux simples. Chacun de ces petits yeux est chargé de traiter une toute petite partie de l’environnement. Un petit œil produit un simple point d’une teinte et d’une intensité lumineuse données. Ces points sont ensuite assemblés les uns aux autres dans le cerveau de l’insecte pour former une image complète et unique. Un œil d’une abeille contient 4500 petits yeux. Celui d’une libellule en a 15000: c’est l'œil le plus complexe chez les insectes !;Pourquoi les yeux des insectes ont d'autre oeil à l'intérieur ;1;1;1
245;Les énormes yeux des insectes font quasiment le tour de leurs têtes. Ils voient donc en même temps vers l’avant, vers l’arrière, à droite, à gauche, vers le haut et vers le bas. Encore mieux qu’un casque de vision en 3D! En revanche, ils ne voient pas très net, parce que leur œil est constitué de centaines, ou même de milliers de petits yeux simples. Chacun de ces petits yeux est chargé de traiter une toute petite partie de l’environnement. Un petit œil produit un simple point d’une teinte et d’une intensité lumineuse données. Ces points sont ensuite assemblés les uns aux autres dans le cerveau de l’insecte pour former une image complète et unique. Un œil d’une abeille contient 4500 petits yeux. Celui d’une libellule en a 15000: c’est l'œil le plus complexe chez les insectes !;Pourquoi les insectes ont ils plusieurs petits yeux.;1;1;1
246;Les énormes yeux des insectes font quasiment le tour de leurs têtes. Ils voient donc en même temps vers l’avant, vers l’arrière, à droite, à gauche, vers le haut et vers le bas. Encore mieux qu’un casque de vision en 3D! En revanche, ils ne voient pas très net, parce que leur œil est constitué de centaines, ou même de milliers de petits yeux simples. Chacun de ces petits yeux est chargé de traiter une toute petite partie de l’environnement. Un petit œil produit un simple point d’une teinte et d’une intensité lumineuse données. Ces points sont ensuite assemblés les uns aux autres dans le cerveau de l’insecte pour former une image complète et unique. Un œil d’une abeille contient 4500 petits yeux. Celui d’une libellule en a 15000: c’est l'œil le plus complexe chez les insectes !;Peut-on voir mieu que le casque 3D;2;2;2
247;Les énormes yeux des insectes font quasiment le tour de leurs têtes. Ils voient donc en même temps vers l’avant, vers l’arrière, à droite, à gauche, vers le haut et vers le bas. Encore mieux qu’un casque de vision en 3D! En revanche, ils ne voient pas très net, parce que leur œil est constitué de centaines, ou même de milliers de petits yeux simples. Chacun de ces petits yeux est chargé de traiter une toute petite partie de l’environnement. Un petit œil produit un simple point d’une teinte et d’une intensité lumineuse données. Ces points sont ensuite assemblés les uns aux autres dans le cerveau de l’insecte pour former une image complète et unique. Un œil d’une abeille contient 4500 petits yeux. Celui d’une libellule en a 15000: c’est l'œil le plus complexe chez les insectes !;Pourquoi l'abeille a moins de yeux que la libellule ?;2;2;2
248;Les énormes yeux des insectes font quasiment le tour de leurs têtes. Ils voient donc en même temps vers l’avant, vers l’arrière, à droite, à gauche, vers le haut et vers le bas. Encore mieux qu’un casque de vision en 3D! En revanche, ils ne voient pas très net, parce que leur œil est constitué de centaines, ou même de milliers de petits yeux simples. Chacun de ces petits yeux est chargé de traiter une toute petite partie de l’environnement. Un petit œil produit un simple point d’une teinte et d’une intensité lumineuse données. Ces points sont ensuite assemblés les uns aux autres dans le cerveau de l’insecte pour former une image complète et unique. Un œil d’une abeille contient 4500 petits yeux. Celui d’une libellule en a 15000: c’est l'œil le plus complexe chez les insectes !;Combien de centimètres font les yeux d'un insectes;2;2;2
249;Les énormes yeux des insectes font quasiment le tour de leurs têtes. Ils voient donc en même temps vers l’avant, vers l’arrière, à droite, à gauche, vers le haut et vers le bas. Encore mieux qu’un casque de vision en 3D! En revanche, ils ne voient pas très net, parce que leur œil est constitué de centaines, ou même de milliers de petits yeux simples. Chacun de ces petits yeux est chargé de traiter une toute petite partie de l’environnement. Un petit œil produit un simple point d’une teinte et d’une intensité lumineuse données. Ces points sont ensuite assemblés les uns aux autres dans le cerveau de l’insecte pour former une image complète et unique. Un œil d’une abeille contient 4500 petits yeux. Celui d’une libellule en a 15000: c’est l'œil le plus complexe chez les insectes !;Comment leur cerveaux assemblent les petits points ?;2;2;2
250;Les énormes yeux des insectes font quasiment le tour de leurs têtes. Ils voient donc en même temps vers l’avant, vers l’arrière, à droite, à gauche, vers le haut et vers le bas. Encore mieux qu’un casque de vision en 3D! En revanche, ils ne voient pas très net, parce que leur œil est constitué de centaines, ou même de milliers de petits yeux simples. Chacun de ces petits yeux est chargé de traiter une toute petite partie de l’environnement. Un petit œil produit un simple point d’une teinte et d’une intensité lumineuse données. Ces points sont ensuite assemblés les uns aux autres dans le cerveau de l’insecte pour former une image complète et unique. Un œil d’une abeille contient 4500 petits yeux. Celui d’une libellule en a 15000: c’est l'œil le plus complexe chez les insectes !;Mais du coup la libellule a l'oeil le plus complexe du monde ?;2;2;2
251;Les énormes yeux des insectes font quasiment le tour de leurs têtes. Ils voient donc en même temps vers l’avant, vers l’arrière, à droite, à gauche, vers le haut et vers le bas. Encore mieux qu’un casque de vision en 3D! En revanche, ils ne voient pas très net, parce que leur œil est constitué de centaines, ou même de milliers de petits yeux simples. Chacun de ces petits yeux est chargé de traiter une toute petite partie de l’environnement. Un petit œil produit un simple point d’une teinte et d’une intensité lumineuse données. Ces points sont ensuite assemblés les uns aux autres dans le cerveau de l’insecte pour former une image complète et unique. Un œil d’une abeille contient 4500 petits yeux. Celui d’une libellule en a 15000: c’est l'œil le plus complexe chez les insectes !;Un insecte a combien d'yeux normalement ?;0;0;0
252;Les énormes yeux des insectes font quasiment le tour de leurs têtes. Ils voient donc en même temps vers l’avant, vers l’arrière, à droite, à gauche, vers le haut et vers le bas. Encore mieux qu’un casque de vision en 3D! En revanche, ils ne voient pas très net, parce que leur œil est constitué de centaines, ou même de milliers de petits yeux simples. Chacun de ces petits yeux est chargé de traiter une toute petite partie de l’environnement. Un petit œil produit un simple point d’une teinte et d’une intensité lumineuse données. Ces points sont ensuite assemblés les uns aux autres dans le cerveau de l’insecte pour former une image complète et unique. Un œil d’une abeille contient 4500 petits yeux. Celui d’une libellule en a 15000: c’est l'œil le plus complexe chez les insectes !;Une abeille et toujour noir et jaune ?;2;2;2
253;Les énormes yeux des insectes font quasiment le tour de leurs têtes. Ils voient donc en même temps vers l’avant, vers l’arrière, à droite, à gauche, vers le haut et vers le bas. Encore mieux qu’un casque de vision en 3D! En revanche, ils ne voient pas très net, parce que leur œil est constitué de centaines, ou même de milliers de petits yeux simples. Chacun de ces petits yeux est chargé de traiter une toute petite partie de l’environnement. Un petit œil produit un simple point d’une teinte et d’une intensité lumineuse données. Ces points sont ensuite assemblés les uns aux autres dans le cerveau de l’insecte pour former une image complète et unique. Un œil d’une abeille contient 4500 petits yeux. Celui d’une libellule en a 15000: c’est l'œil le plus complexe chez les insectes !;C'est quoi un casque de vision 3D;2;2;1
254;Les énormes yeux des insectes font quasiment le tour de leurs têtes. Ils voient donc en même temps vers l’avant, vers l’arrière, à droite, à gauche, vers le haut et vers le bas. Encore mieux qu’un casque de vision en 3D! En revanche, ils ne voient pas très net, parce que leur œil est constitué de centaines, ou même de milliers de petits yeux simples. Chacun de ces petits yeux est chargé de traiter une toute petite partie de l’environnement. Un petit œil produit un simple point d’une teinte et d’une intensité lumineuse données. Ces points sont ensuite assemblés les uns aux autres dans le cerveau de l’insecte pour former une image complète et unique. Un œil d’une abeille contient 4500 petits yeux. Celui d’une libellule en a 15000: c’est l'œil le plus complexe chez les insectes !;Quelle est le minimum d'oeil pour les insectes;2;2;2
255;Les énormes yeux des insectes font quasiment le tour de leurs têtes. Ils voient donc en même temps vers l’avant, vers l’arrière, à droite, à gauche, vers le haut et vers le bas. Encore mieux qu’un casque de vision en 3D! En revanche, ils ne voient pas très net, parce que leur œil est constitué de centaines, ou même de milliers de petits yeux simples. Chacun de ces petits yeux est chargé de traiter une toute petite partie de l’environnement. Un petit œil produit un simple point d’une teinte et d’une intensité lumineuse données. Ces points sont ensuite assemblés les uns aux autres dans le cerveau de l’insecte pour former une image complète et unique. Un œil d’une abeille contient 4500 petits yeux. Celui d’une libellule en a 15000: c’est l'œil le plus complexe chez les insectes !;C'est quoi une abeille ;0;0;0
256;Les énormes yeux des insectes font quasiment le tour de leurs têtes. Ils voient donc en même temps vers l’avant, vers l’arrière, à droite, à gauche, vers le haut et vers le bas. Encore mieux qu’un casque de vision en 3D! En revanche, ils ne voient pas très net, parce que leur œil est constitué de centaines, ou même de milliers de petits yeux simples. Chacun de ces petits yeux est chargé de traiter une toute petite partie de l’environnement. Un petit œil produit un simple point d’une teinte et d’une intensité lumineuse données. Ces points sont ensuite assemblés les uns aux autres dans le cerveau de l’insecte pour former une image complète et unique. Un œil d’une abeille contient 4500 petits yeux. Celui d’une libellule en a 15000: c’est l'œil le plus complexe chez les insectes !;C'est quoi une libellule;0;0;0
257;Les énormes yeux des insectes font quasiment le tour de leurs têtes. Ils voient donc en même temps vers l’avant, vers l’arrière, à droite, à gauche, vers le haut et vers le bas. Encore mieux qu’un casque de vision en 3D! En revanche, ils ne voient pas très net, parce que leur œil est constitué de centaines, ou même de milliers de petits yeux simples. Chacun de ces petits yeux est chargé de traiter une toute petite partie de l’environnement. Un petit œil produit un simple point d’une teinte et d’une intensité lumineuse données. Ces points sont ensuite assemblés les uns aux autres dans le cerveau de l’insecte pour former une image complète et unique. Un œil d’une abeille contient 4500 petits yeux. Celui d’une libellule en a 15000: c’est l'œil le plus complexe chez les insectes !;Quelle est la taille précise d'un oeil simple ?;2;2;2
258;Les énormes yeux des insectes font quasiment le tour de leurs têtes. Ils voient donc en même temps vers l’avant, vers l’arrière, à droite, à gauche, vers le haut et vers le bas. Encore mieux qu’un casque de vision en 3D! En revanche, ils ne voient pas très net, parce que leur œil est constitué de centaines, ou même de milliers de petits yeux simples. Chacun de ces petits yeux est chargé de traiter une toute petite partie de l’environnement. Un petit œil produit un simple point d’une teinte et d’une intensité lumineuse données. Ces points sont ensuite assemblés les uns aux autres dans le cerveau de l’insecte pour former une image complète et unique. Un œil d’une abeille contient 4500 petits yeux. Celui d’une libellule en a 15000: c’est l'œil le plus complexe chez les insectes !;Est-ce que ça existe sur d'autres espèces ?;2;2;2
259;Les énormes yeux des insectes font quasiment le tour de leurs têtes. Ils voient donc en même temps vers l’avant, vers l’arrière, à droite, à gauche, vers le haut et vers le bas. Encore mieux qu’un casque de vision en 3D! En revanche, ils ne voient pas très net, parce que leur œil est constitué de centaines, ou même de milliers de petits yeux simples. Chacun de ces petits yeux est chargé de traiter une toute petite partie de l’environnement. Un petit œil produit un simple point d’une teinte et d’une intensité lumineuse données. Ces points sont ensuite assemblés les uns aux autres dans le cerveau de l’insecte pour former une image complète et unique. Un œil d’une abeille contient 4500 petits yeux. Celui d’une libellule en a 15000: c’est l'œil le plus complexe chez les insectes !;Quel insecte en a le moins ?;2;2;2
260;Les énormes yeux des insectes font quasiment le tour de leurs têtes. Ils voient donc en même temps vers l’avant, vers l’arrière, à droite, à gauche, vers le haut et vers le bas. Encore mieux qu’un casque de vision en 3D! En revanche, ils ne voient pas très net, parce que leur œil est constitué de centaines, ou même de milliers de petits yeux simples. Chacun de ces petits yeux est chargé de traiter une toute petite partie de l’environnement. Un petit œil produit un simple point d’une teinte et d’une intensité lumineuse données. Ces points sont ensuite assemblés les uns aux autres dans le cerveau de l’insecte pour former une image complète et unique. Un œil d’une abeille contient 4500 petits yeux. Celui d’une libellule en a 15000: c’est l'œil le plus complexe chez les insectes !;Pourquoi l'oeil de la libellule est le plus complexe ?;2;2;1
261;Les énormes yeux des insectes font quasiment le tour de leurs têtes. Ils voient donc en même temps vers l’avant, vers l’arrière, à droite, à gauche, vers le haut et vers le bas. Encore mieux qu’un casque de vision en 3D! En revanche, ils ne voient pas très net, parce que leur œil est constitué de centaines, ou même de milliers de petits yeux simples. Chacun de ces petits yeux est chargé de traiter une toute petite partie de l’environnement. Un petit œil produit un simple point d’une teinte et d’une intensité lumineuse données. Ces points sont ensuite assemblés les uns aux autres dans le cerveau de l’insecte pour former une image complète et unique. Un œil d’une abeille contient 4500 petits yeux. Celui d’une libellule en a 15000: c’est l'œil le plus complexe chez les insectes !;Comment autant d'yeux peuvent rentrer dans un oeil ?;1;1;1
262;Les énormes yeux des insectes font quasiment le tour de leurs têtes. Ils voient donc en même temps vers l’avant, vers l’arrière, à droite, à gauche, vers le haut et vers le bas. Encore mieux qu’un casque de vision en 3D! En revanche, ils ne voient pas très net, parce que leur œil est constitué de centaines, ou même de milliers de petits yeux simples. Chacun de ces petits yeux est chargé de traiter une toute petite partie de l’environnement. Un petit œil produit un simple point d’une teinte et d’une intensité lumineuse données. Ces points sont ensuite assemblés les uns aux autres dans le cerveau de l’insecte pour former une image complète et unique. Un œil d’une abeille contient 4500 petits yeux. Celui d’une libellule en a 15000: c’est l'œil le plus complexe chez les insectes !;Pourquoi ont-ils autant d'yeux ?;2;2;2
263;Les énormes yeux des insectes font quasiment le tour de leurs têtes. Ils voient donc en même temps vers l’avant, vers l’arrière, à droite, à gauche, vers le haut et vers le bas. Encore mieux qu’un casque de vision en 3D! En revanche, ils ne voient pas très net, parce que leur œil est constitué de centaines, ou même de milliers de petits yeux simples. Chacun de ces petits yeux est chargé de traiter une toute petite partie de l’environnement. Un petit œil produit un simple point d’une teinte et d’une intensité lumineuse données. Ces points sont ensuite assemblés les uns aux autres dans le cerveau de l’insecte pour former une image complète et unique. Un œil d’une abeille contient 4500 petits yeux. Celui d’une libellule en a 15000: c’est l'œil le plus complexe chez les insectes !;Comment on est sûr qu'ils ont autant d'yeux ?;2;2;2
264;Les énormes yeux des insectes font quasiment le tour de leurs têtes. Ils voient donc en même temps vers l’avant, vers l’arrière, à droite, à gauche, vers le haut et vers le bas. Encore mieux qu’un casque de vision en 3D! En revanche, ils ne voient pas très net, parce que leur œil est constitué de centaines, ou même de milliers de petits yeux simples. Chacun de ces petits yeux est chargé de traiter une toute petite partie de l’environnement. Un petit œil produit un simple point d’une teinte et d’une intensité lumineuse données. Ces points sont ensuite assemblés les uns aux autres dans le cerveau de l’insecte pour former une image complète et unique. Un œil d’une abeille contient 4500 petits yeux. Celui d’une libellule en a 15000: c’est l'œil le plus complexe chez les insectes !;Qu'est-ce que l'environnement ;1;1;2
265;Les énormes yeux des insectes font quasiment le tour de leurs têtes. Ils voient donc en même temps vers l’avant, vers l’arrière, à droite, à gauche, vers le haut et vers le bas. Encore mieux qu’un casque de vision en 3D! En revanche, ils ne voient pas très net, parce que leur œil est constitué de centaines, ou même de milliers de petits yeux simples. Chacun de ces petits yeux est chargé de traiter une toute petite partie de l’environnement. Un petit œil produit un simple point d’une teinte et d’une intensité lumineuse données. Ces points sont ensuite assemblés les uns aux autres dans le cerveau de l’insecte pour former une image complète et unique. Un œil d’une abeille contient 4500 petits yeux. Celui d’une libellule en a 15000: c’est l'œil le plus complexe chez les insectes !;Qu'est-ce que ça veut dire quasiment ?;2;2;2
266;Les énormes yeux des insectes font quasiment le tour de leurs têtes. Ils voient donc en même temps vers l’avant, vers l’arrière, à droite, à gauche, vers le haut et vers le bas. Encore mieux qu’un casque de vision en 3D! En revanche, ils ne voient pas très net, parce que leur œil est constitué de centaines, ou même de milliers de petits yeux simples. Chacun de ces petits yeux est chargé de traiter une toute petite partie de l’environnement. Un petit œil produit un simple point d’une teinte et d’une intensité lumineuse données. Ces points sont ensuite assemblés les uns aux autres dans le cerveau de l’insecte pour former une image complète et unique. Un œil d’une abeille contient 4500 petits yeux. Celui d’une libellule en a 15000: c’est l'œil le plus complexe chez les insectes !;Pourquoi les abeilles ont 4500 petits yeux ?;2;2;2
267;Les énormes yeux des insectes font quasiment le tour de leurs têtes. Ils voient donc en même temps vers l’avant, vers l’arrière, à droite, à gauche, vers le haut et vers le bas. Encore mieux qu’un casque de vision en 3D! En revanche, ils ne voient pas très net, parce que leur œil est constitué de centaines, ou même de milliers de petits yeux simples. Chacun de ces petits yeux est chargé de traiter une toute petite partie de l’environnement. Un petit œil produit un simple point d’une teinte et d’une intensité lumineuse données. Ces points sont ensuite assemblés les uns aux autres dans le cerveau de l’insecte pour former une image complète et unique. Un œil d’une abeille contient 4500 petits yeux. Celui d’une libellule en a 15000: c’est l'œil le plus complexe chez les insectes !;Qu'est-ce que ça veut dire complexe ?;1;1;2
268;Les énormes yeux des insectes font quasiment le tour de leurs têtes. Ils voient donc en même temps vers l’avant, vers l’arrière, à droite, à gauche, vers le haut et vers le bas. Encore mieux qu’un casque de vision en 3D! En revanche, ils ne voient pas très net, parce que leur œil est constitué de centaines, ou même de milliers de petits yeux simples. Chacun de ces petits yeux est chargé de traiter une toute petite partie de l’environnement. Un petit œil produit un simple point d’une teinte et d’une intensité lumineuse données. Ces points sont ensuite assemblés les uns aux autres dans le cerveau de l’insecte pour former une image complète et unique. Un œil d’une abeille contient 4500 petits yeux. Celui d’une libellule en a 15000: c’est l'œil le plus complexe chez les insectes !;Comment ils font pour voir derrière ?;0;0;0
269;Les énormes yeux des insectes font quasiment le tour de leurs têtes. Ils voient donc en même temps vers l’avant, vers l’arrière, à droite, à gauche, vers le haut et vers le bas. Encore mieux qu’un casque de vision en 3D! En revanche, ils ne voient pas très net, parce que leur œil est constitué de centaines, ou même de milliers de petits yeux simples. Chacun de ces petits yeux est chargé de traiter une toute petite partie de l’environnement. Un petit œil produit un simple point d’une teinte et d’une intensité lumineuse données. Ces points sont ensuite assemblés les uns aux autres dans le cerveau de l’insecte pour former une image complète et unique. Un œil d’une abeille contient 4500 petits yeux. Celui d’une libellule en a 15000: c’est l'œil le plus complexe chez les insectes !;Qu'est-ce que l'environnement ?;1;1;2
270;Les énormes yeux des insectes font quasiment le tour de leurs têtes. Ils voient donc en même temps vers l’avant, vers l’arrière, à droite, à gauche, vers le haut et vers le bas. Encore mieux qu’un casque de vision en 3D! En revanche, ils ne voient pas très net, parce que leur œil est constitué de centaines, ou même de milliers de petits yeux simples. Chacun de ces petits yeux est chargé de traiter une toute petite partie de l’environnement. Un petit œil produit un simple point d’une teinte et d’une intensité lumineuse données. Ces points sont ensuite assemblés les uns aux autres dans le cerveau de l’insecte pour former une image complète et unique. Un œil d’une abeille contient 4500 petits yeux. Celui d’une libellule en a 15000: c’est l'œil le plus complexe chez les insectes !;Que veut dire complexe ?;1;1;2
271;Les énormes yeux des insectes font quasiment le tour de leurs têtes. Ils voient donc en même temps vers l’avant, vers l’arrière, à droite, à gauche, vers le haut et vers le bas. Encore mieux qu’un casque de vision en 3D! En revanche, ils ne voient pas très net, parce que leur œil est constitué de centaines, ou même de milliers de petits yeux simples. Chacun de ces petits yeux est chargé de traiter une toute petite partie de l’environnement. Un petit œil produit un simple point d’une teinte et d’une intensité lumineuse données. Ces points sont ensuite assemblés les uns aux autres dans le cerveau de l’insecte pour former une image complète et unique. Un œil d’une abeille contient 4500 petits yeux. Celui d’une libellule en a 15000: c’est l'œil le plus complexe chez les insectes !;Que veut dire traiter ?;2;2;2
272;Les énormes yeux des insectes font quasiment le tour de leurs têtes. Ils voient donc en même temps vers l’avant, vers l’arrière, à droite, à gauche, vers le haut et vers le bas. Encore mieux qu’un casque de vision en 3D! En revanche, ils ne voient pas très net, parce que leur œil est constitué de centaines, ou même de milliers de petits yeux simples. Chacun de ces petits yeux est chargé de traiter une toute petite partie de l’environnement. Un petit œil produit un simple point d’une teinte et d’une intensité lumineuse données. Ces points sont ensuite assemblés les uns aux autres dans le cerveau de l’insecte pour former une image complète et unique. Un œil d’une abeille contient 4500 petits yeux. Celui d’une libellule en a 15000: c’est l'œil le plus complexe chez les insectes !;"Qu""est-ce qu'un insecte ?";1;1;2
275;Les énormes yeux des insectes font quasiment le tour de leurs têtes. Ils voient donc en même temps vers l’avant, vers l’arrière, à droite, à gauche, vers le haut et vers le bas. Encore mieux qu’un casque de vision en 3D! En revanche, ils ne voient pas très net, parce que leur œil est constitué de centaines, ou même de milliers de petits yeux simples. Chacun de ces petits yeux est chargé de traiter une toute petite partie de l’environnement. Un petit œil produit un simple point d’une teinte et d’une intensité lumineuse données. Ces points sont ensuite assemblés les uns aux autres dans le cerveau de l’insecte pour former une image complète et unique. Un œil d’une abeille contient 4500 petits yeux. Celui d’une libellule en a 15000: c’est l'œil le plus complexe chez les insectes !;Est-ce que les libellules voient mieux que nous ?;1;1;2
277;Les énormes yeux des insectes font quasiment le tour de leurs têtes. Ils voient donc en même temps vers l’avant, vers l’arrière, à droite, à gauche, vers le haut et vers le bas. Encore mieux qu’un casque de vision en 3D! En revanche, ils ne voient pas très net, parce que leur œil est constitué de centaines, ou même de milliers de petits yeux simples. Chacun de ces petits yeux est chargé de traiter une toute petite partie de l’environnement. Un petit œil produit un simple point d’une teinte et d’une intensité lumineuse données. Ces points sont ensuite assemblés les uns aux autres dans le cerveau de l’insecte pour former une image complète et unique. Un œil d’une abeille contient 4500 petits yeux. Celui d’une libellule en a 15000: c’est l'œil le plus complexe chez les insectes !;Qu'est-ce qu'un casque de 3D;2;2;1
278;Les énormes yeux des insectes font quasiment le tour de leurs têtes. Ils voient donc en même temps vers l’avant, vers l’arrière, à droite, à gauche, vers le haut et vers le bas. Encore mieux qu’un casque de vision en 3D! En revanche, ils ne voient pas très net, parce que leur œil est constitué de centaines, ou même de milliers de petits yeux simples. Chacun de ces petits yeux est chargé de traiter une toute petite partie de l’environnement. Un petit œil produit un simple point d’une teinte et d’une intensité lumineuse données. Ces points sont ensuite assemblés les uns aux autres dans le cerveau de l’insecte pour former une image complète et unique. Un œil d’une abeille contient 4500 petits yeux. Celui d’une libellule en a 15000: c’est l'œil le plus complexe chez les insectes !;Pourquoi 4500 petits yeux ;1;1;2
279;Les énormes yeux des insectes font quasiment le tour de leurs têtes. Ils voient donc en même temps vers l’avant, vers l’arrière, à droite, à gauche, vers le haut et vers le bas. Encore mieux qu’un casque de vision en 3D! En revanche, ils ne voient pas très net, parce que leur œil est constitué de centaines, ou même de milliers de petits yeux simples. Chacun de ces petits yeux est chargé de traiter une toute petite partie de l’environnement. Un petit œil produit un simple point d’une teinte et d’une intensité lumineuse données. Ces points sont ensuite assemblés les uns aux autres dans le cerveau de l’insecte pour former une image complète et unique. Un œil d’une abeille contient 4500 petits yeux. Celui d’une libellule en a 15000: c’est l'œil le plus complexe chez les insectes !;Qu'est-ce qu'un cerveau;;;
280;Les énormes yeux des insectes font quasiment le tour de leurs têtes. Ils voient donc en même temps vers l’avant, vers l’arrière, à droite, à gauche, vers le haut et vers le bas. Encore mieux qu’un casque de vision en 3D! En revanche, ils ne voient pas très net, parce que leur œil est constitué de centaines, ou même de milliers de petits yeux simples. Chacun de ces petits yeux est chargé de traiter une toute petite partie de l’environnement. Un petit œil produit un simple point d’une teinte et d’une intensité lumineuse données. Ces points sont ensuite assemblés les uns aux autres dans le cerveau de l’insecte pour former une image complète et unique. Un œil d’une abeille contient 4500 petits yeux. Celui d’une libellule en a 15000: c’est l'œil le plus complexe chez les insectes !;Combien de petits yeux ont les libellules ?;;;
281;Les énormes yeux des insectes font quasiment le tour de leurs têtes. Ils voient donc en même temps vers l’avant, vers l’arrière, à droite, à gauche, vers le haut et vers le bas. Encore mieux qu’un casque de vision en 3D! En revanche, ils ne voient pas très net, parce que leur œil est constitué de centaines, ou même de milliers de petits yeux simples. Chacun de ces petits yeux est chargé de traiter une toute petite partie de l’environnement. Un petit œil produit un simple point d’une teinte et d’une intensité lumineuse données. Ces points sont ensuite assemblés les uns aux autres dans le cerveau de l’insecte pour former une image complète et unique. Un œil d’une abeille contient 4500 petits yeux. Celui d’une libellule en a 15000: c’est l'œil le plus complexe chez les insectes !;Un oeil d'abeille contiennent combien d'yeux ?;;;
282;Les énormes yeux des insectes font quasiment le tour de leurs têtes. Ils voient donc en même temps vers l’avant, vers l’arrière, à droite, à gauche, vers le haut et vers le bas. Encore mieux qu’un casque de vision en 3D! En revanche, ils ne voient pas très net, parce que leur œil est constitué de centaines, ou même de milliers de petits yeux simples. Chacun de ces petits yeux est chargé de traiter une toute petite partie de l’environnement. Un petit œil produit un simple point d’une teinte et d’une intensité lumineuse données. Ces points sont ensuite assemblés les uns aux autres dans le cerveau de l’insecte pour former une image complète et unique. Un œil d’une abeille contient 4500 petits yeux. Celui d’une libellule en a 15000: c’est l'œil le plus complexe chez les insectes !;Dans quelle direction les insectes peuvent-il regarder ?;;;
283;Les énormes yeux des insectes font quasiment le tour de leurs têtes. Ils voient donc en même temps vers l’avant, vers l’arrière, à droite, à gauche, vers le haut et vers le bas. Encore mieux qu’un casque de vision en 3D! En revanche, ils ne voient pas très net, parce que leur œil est constitué de centaines, ou même de milliers de petits yeux simples. Chacun de ces petits yeux est chargé de traiter une toute petite partie de l’environnement. Un petit œil produit un simple point d’une teinte et d’une intensité lumineuse données. Ces points sont ensuite assemblés les uns aux autres dans le cerveau de l’insecte pour former une image complète et unique. Un œil d’une abeille contient 4500 petits yeux. Celui d’une libellule en a 15000: c’est l'œil le plus complexe chez les insectes !;ça veut dire quoi intensité ?;;;
284;Les énormes yeux des insectes font quasiment le tour de leurs têtes. Ils voient donc en même temps vers l’avant, vers l’arrière, à droite, à gauche, vers le haut et vers le bas. Encore mieux qu’un casque de vision en 3D! En revanche, ils ne voient pas très net, parce que leur œil est constitué de centaines, ou même de milliers de petits yeux simples. Chacun de ces petits yeux est chargé de traiter une toute petite partie de l’environnement. Un petit œil produit un simple point d’une teinte et d’une intensité lumineuse données. Ces points sont ensuite assemblés les uns aux autres dans le cerveau de l’insecte pour former une image complète et unique. Un œil d’une abeille contient 4500 petits yeux. Celui d’une libellule en a 15000: c’est l'œil le plus complexe chez les insectes !;C'est quoi des données ?;;;
285;Les énormes yeux des insectes font quasiment le tour de leurs têtes. Ils voient donc en même temps vers l’avant, vers l’arrière, à droite, à gauche, vers le haut et vers le bas. Encore mieux qu’un casque de vision en 3D! En revanche, ils ne voient pas très net, parce que leur œil est constitué de centaines, ou même de milliers de petits yeux simples. Chacun de ces petits yeux est chargé de traiter une toute petite partie de l’environnement. Un petit œil produit un simple point d’une teinte et d’une intensité lumineuse données. Ces points sont ensuite assemblés les uns aux autres dans le cerveau de l’insecte pour former une image complète et unique. Un œil d’une abeille contient 4500 petits yeux. Celui d’une libellule en a 15000: c’est l'œil le plus complexe chez les insectes !;Pourquoi ils ont plein de petits yeux ?;;;
286;Les énormes yeux des insectes font quasiment le tour de leurs têtes. Ils voient donc en même temps vers l’avant, vers l’arrière, à droite, à gauche, vers le haut et vers le bas. Encore mieux qu’un casque de vision en 3D! En revanche, ils ne voient pas très net, parce que leur œil est constitué de centaines, ou même de milliers de petits yeux simples. Chacun de ces petits yeux est chargé de traiter une toute petite partie de l’environnement. Un petit œil produit un simple point d’une teinte et d’une intensité lumineuse données. Ces points sont ensuite assemblés les uns aux autres dans le cerveau de l’insecte pour former une image complète et unique. Un œil d’une abeille contient 4500 petits yeux. Celui d’une libellule en a 15000: c’est l'œil le plus complexe chez les insectes !;Les insectes sont donc à moitié aveugles ?;;;
287;Les énormes yeux des insectes font quasiment le tour de leurs têtes. Ils voient donc en même temps vers l’avant, vers l’arrière, à droite, à gauche, vers le haut et vers le bas. Encore mieux qu’un casque de vision en 3D! En revanche, ils ne voient pas très net, parce que leur œil est constitué de centaines, ou même de milliers de petits yeux simples. Chacun de ces petits yeux est chargé de traiter une toute petite partie de l’environnement. Un petit œil produit un simple point d’une teinte et d’une intensité lumineuse données. Ces points sont ensuite assemblés les uns aux autres dans le cerveau de l’insecte pour former une image complète et unique. Un œil d’une abeille contient 4500 petits yeux. Celui d’une libellule en a 15000: c’est l'œil le plus complexe chez les insectes !;Ils voient donc pixélisé ?;;;
288;Les énormes yeux des insectes font quasiment le tour de leurs têtes. Ils voient donc en même temps vers l’avant, vers l’arrière, à droite, à gauche, vers le haut et vers le bas. Encore mieux qu’un casque de vision en 3D! En revanche, ils ne voient pas très net, parce que leur œil est constitué de centaines, ou même de milliers de petits yeux simples. Chacun de ces petits yeux est chargé de traiter une toute petite partie de l’environnement. Un petit œil produit un simple point d’une teinte et d’une intensité lumineuse données. Ces points sont ensuite assemblés les uns aux autres dans le cerveau de l’insecte pour former une image complète et unique. Un œil d’une abeille contient 4500 petits yeux. Celui d’une libellule en a 15000: c’est l'œil le plus complexe chez les insectes !;Quel est l'oeil le moins complexe chez les insectes ?;;;
289;Les énormes yeux des insectes font quasiment le tour de leurs têtes. Ils voient donc en même temps vers l’avant, vers l’arrière, à droite, à gauche, vers le haut et vers le bas. Encore mieux qu’un casque de vision en 3D! En revanche, ils ne voient pas très net, parce que leur œil est constitué de centaines, ou même de milliers de petits yeux simples. Chacun de ces petits yeux est chargé de traiter une toute petite partie de l’environnement. Un petit œil produit un simple point d’une teinte et d’une intensité lumineuse données. Ces points sont ensuite assemblés les uns aux autres dans le cerveau de l’insecte pour former une image complète et unique. Un œil d’une abeille contient 4500 petits yeux. Celui d’une libellule en a 15000: c’est l'œil le plus complexe chez les insectes !;Leurs petits yeux se voient-ils à l'oeil nu ?;;;
290;Les énormes yeux des insectes font quasiment le tour de leurs têtes. Ils voient donc en même temps vers l’avant, vers l’arrière, à droite, à gauche, vers le haut et vers le bas. Encore mieux qu’un casque de vision en 3D! En revanche, ils ne voient pas très net, parce que leur œil est constitué de centaines, ou même de milliers de petits yeux simples. Chacun de ces petits yeux est chargé de traiter une toute petite partie de l’environnement. Un petit œil produit un simple point d’une teinte et d’une intensité lumineuse données. Ces points sont ensuite assemblés les uns aux autres dans le cerveau de l’insecte pour former une image complète et unique. Un œil d’une abeille contient 4500 petits yeux. Celui d’une libellule en a 15000: c’est l'œil le plus complexe chez les insectes !;Pourquoi l'oeil d'une abeille contiennent 4500 petits yeux ?;;;
291;Les énormes yeux des insectes font quasiment le tour de leurs têtes. Ils voient donc en même temps vers l’avant, vers l’arrière, à droite, à gauche, vers le haut et vers le bas. Encore mieux qu’un casque de vision en 3D! En revanche, ils ne voient pas très net, parce que leur œil est constitué de centaines, ou même de milliers de petits yeux simples. Chacun de ces petits yeux est chargé de traiter une toute petite partie de l’environnement. Un petit œil produit un simple point d’une teinte et d’une intensité lumineuse données. Ces points sont ensuite assemblés les uns aux autres dans le cerveau de l’insecte pour former une image complète et unique. Un œil d’une abeille contient 4500 petits yeux. Celui d’une libellule en a 15000: c’est l'œil le plus complexe chez les insectes !;Pourquoi l'abeille contiennent 4500 petits yeux ?;;;
292;Les énormes yeux des insectes font quasiment le tour de leurs têtes. Ils voient donc en même temps vers l’avant, vers l’arrière, à droite, à gauche, vers le haut et vers le bas. Encore mieux qu’un casque de vision en 3D! En revanche, ils ne voient pas très net, parce que leur œil est constitué de centaines, ou même de milliers de petits yeux simples. Chacun de ces petits yeux est chargé de traiter une toute petite partie de l’environnement. Un petit œil produit un simple point d’une teinte et d’une intensité lumineuse données. Ces points sont ensuite assemblés les uns aux autres dans le cerveau de l’insecte pour former une image complète et unique. Un œil d’une abeille contient 4500 petits yeux. Celui d’une libellule en a 15000: c’est l'œil le plus complexe chez les insectes !;"Que veut dire ""complexe"" ?";;;
293;Les énormes yeux des insectes font quasiment le tour de leurs têtes. Ils voient donc en même temps vers l’avant, vers l’arrière, à droite, à gauche, vers le haut et vers le bas. Encore mieux qu’un casque de vision en 3D! En revanche, ils ne voient pas très net, parce que leur œil est constitué de centaines, ou même de milliers de petits yeux simples. Chacun de ces petits yeux est chargé de traiter une toute petite partie de l’environnement. Un petit œil produit un simple point d’une teinte et d’une intensité lumineuse données. Ces points sont ensuite assemblés les uns aux autres dans le cerveau de l’insecte pour former une image complète et unique. Un œil d’une abeille contient 4500 petits yeux. Celui d’une libellule en a 15000: c’est l'œil le plus complexe chez les insectes !;combien d'yeux ils ont les insectes ?;;;
294;Les énormes yeux des insectes font quasiment le tour de leurs têtes. Ils voient donc en même temps vers l’avant, vers l’arrière, à droite, à gauche, vers le haut et vers le bas. Encore mieux qu’un casque de vision en 3D! En revanche, ils ne voient pas très net, parce que leur œil est constitué de centaines, ou même de milliers de petits yeux simples. Chacun de ces petits yeux est chargé de traiter une toute petite partie de l’environnement. Un petit œil produit un simple point d’une teinte et d’une intensité lumineuse données. Ces points sont ensuite assemblés les uns aux autres dans le cerveau de l’insecte pour former une image complète et unique. Un œil d’une abeille contient 4500 petits yeux. Celui d’une libellule en a 15000: c’est l'œil le plus complexe chez les insectes !;Un oeil d'une abeille contiennent combien de petits yeux ?;;;
295;Les énormes yeux des insectes font quasiment le tour de leurs têtes. Ils voient donc en même temps vers l’avant, vers l’arrière, à droite, à gauche, vers le haut et vers le bas. Encore mieux qu’un casque de vision en 3D! En revanche, ils ne voient pas très net, parce que leur œil est constitué de centaines, ou même de milliers de petits yeux simples. Chacun de ces petits yeux est chargé de traiter une toute petite partie de l’environnement. Un petit œil produit un simple point d’une teinte et d’une intensité lumineuse données. Ces points sont ensuite assemblés les uns aux autres dans le cerveau de l’insecte pour former une image complète et unique. Un œil d’une abeille contient 4500 petits yeux. Celui d’une libellule en a 15000: c’est l'œil le plus complexe chez les insectes !;C'est à dire une image unique dans le cerveau de l'insecte ?;;;
296;Les énormes yeux des insectes font quasiment le tour de leurs têtes. Ils voient donc en même temps vers l’avant, vers l’arrière, à droite, à gauche, vers le haut et vers le bas. Encore mieux qu’un casque de vision en 3D! En revanche, ils ne voient pas très net, parce que leur œil est constitué de centaines, ou même de milliers de petits yeux simples. Chacun de ces petits yeux est chargé de traiter une toute petite partie de l’environnement. Un petit œil produit un simple point d’une teinte et d’une intensité lumineuse données. Ces points sont ensuite assemblés les uns aux autres dans le cerveau de l’insecte pour former une image complète et unique. Un œil d’une abeille contient 4500 petits yeux. Celui d’une libellule en a 15000: c’est l'œil le plus complexe chez les insectes !;Mais normalement avec des milliers ou des centaines de petits yeux on voit bien, alors pourquoi eux ne voient pas très net ?;;;
297;Les énormes yeux des insectes font quasiment le tour de leurs têtes. Ils voient donc en même temps vers l’avant, vers l’arrière, à droite, à gauche, vers le haut et vers le bas. Encore mieux qu’un casque de vision en 3D! En revanche, ils ne voient pas très net, parce que leur œil est constitué de centaines, ou même de milliers de petits yeux simples. Chacun de ces petits yeux est chargé de traiter une toute petite partie de l’environnement. Un petit œil produit un simple point d’une teinte et d’une intensité lumineuse données. Ces points sont ensuite assemblés les uns aux autres dans le cerveau de l’insecte pour former une image complète et unique. Un œil d’une abeille contient 4500 petits yeux. Celui d’une libellule en a 15000: c’est l'œil le plus complexe chez les insectes !;Ils mangent quoi les insectes ?;;;
298;Les énormes yeux des insectes font quasiment le tour de leurs têtes. Ils voient donc en même temps vers l’avant, vers l’arrière, à droite, à gauche, vers le haut et vers le bas. Encore mieux qu’un casque de vision en 3D! En revanche, ils ne voient pas très net, parce que leur œil est constitué de centaines, ou même de milliers de petits yeux simples. Chacun de ces petits yeux est chargé de traiter une toute petite partie de l’environnement. Un petit œil produit un simple point d’une teinte et d’une intensité lumineuse données. Ces points sont ensuite assemblés les uns aux autres dans le cerveau de l’insecte pour former une image complète et unique. Un œil d’une abeille contient 4500 petits yeux. Celui d’une libellule en a 15000: c’est l'œil le plus complexe chez les insectes !;Ils peuvent communiquer ?;;;
299;Les énormes yeux des insectes font quasiment le tour de leurs têtes. Ils voient donc en même temps vers l’avant, vers l’arrière, à droite, à gauche, vers le haut et vers le bas. Encore mieux qu’un casque de vision en 3D! En revanche, ils ne voient pas très net, parce que leur œil est constitué de centaines, ou même de milliers de petits yeux simples. Chacun de ces petits yeux est chargé de traiter une toute petite partie de l’environnement. Un petit œil produit un simple point d’une teinte et d’une intensité lumineuse données. Ces points sont ensuite assemblés les uns aux autres dans le cerveau de l’insecte pour former une image complète et unique. Un œil d’une abeille contient 4500 petits yeux. Celui d’une libellule en a 15000: c’est l'œil le plus complexe chez les insectes !;Ils ont combien d'oeil en moyenne ?;;;
300;Les énormes yeux des insectes font quasiment le tour de leurs têtes. Ils voient donc en même temps vers l’avant, vers l’arrière, à droite, à gauche, vers le haut et vers le bas. Encore mieux qu’un casque de vision en 3D! En revanche, ils ne voient pas très net, parce que leur œil est constitué de centaines, ou même de milliers de petits yeux simples. Chacun de ces petits yeux est chargé de traiter une toute petite partie de l’environnement. Un petit œil produit un simple point d’une teinte et d’une intensité lumineuse données. Ces points sont ensuite assemblés les uns aux autres dans le cerveau de l’insecte pour former une image complète et unique. Un œil d’une abeille contient 4500 petits yeux. Celui d’une libellule en a 15000: c’est l'œil le plus complexe chez les insectes !;C'est quoi une abeille ?;;;
301;Les énormes yeux des insectes font quasiment le tour de leurs têtes. Ils voient donc en même temps vers l’avant, vers l’arrière, à droite, à gauche, vers le haut et vers le bas. Encore mieux qu’un casque de vision en 3D! En revanche, ils ne voient pas très net, parce que leur œil est constitué de centaines, ou même de milliers de petits yeux simples. Chacun de ces petits yeux est chargé de traiter une toute petite partie de l’environnement. Un petit œil produit un simple point d’une teinte et d’une intensité lumineuse données. Ces points sont ensuite assemblés les uns aux autres dans le cerveau de l’insecte pour former une image complète et unique. Un œil d’une abeille contient 4500 petits yeux. Celui d’une libellule en a 15000: c’est l'œil le plus complexe chez les insectes !;Que veut dire net ?;;;
302;Les énormes yeux des insectes font quasiment le tour de leurs têtes. Ils voient donc en même temps vers l’avant, vers l’arrière, à droite, à gauche, vers le haut et vers le bas. Encore mieux qu’un casque de vision en 3D! En revanche, ils ne voient pas très net, parce que leur œil est constitué de centaines, ou même de milliers de petits yeux simples. Chacun de ces petits yeux est chargé de traiter une toute petite partie de l’environnement. Un petit œil produit un simple point d’une teinte et d’une intensité lumineuse données. Ces points sont ensuite assemblés les uns aux autres dans le cerveau de l’insecte pour former une image complète et unique. Un œil d’une abeille contient 4500 petits yeux. Celui d’une libellule en a 15000: c’est l'œil le plus complexe chez les insectes !;Qu'est-ce qu'un insecte ?;;;
303;Les énormes yeux des insectes font quasiment le tour de leurs têtes. Ils voient donc en même temps vers l’avant, vers l’arrière, à droite, à gauche, vers le haut et vers le bas. Encore mieux qu’un casque de vision en 3D! En revanche, ils ne voient pas très net, parce que leur œil est constitué de centaines, ou même de milliers de petits yeux simples. Chacun de ces petits yeux est chargé de traiter une toute petite partie de l’environnement. Un petit œil produit un simple point d’une teinte et d’une intensité lumineuse données. Ces points sont ensuite assemblés les uns aux autres dans le cerveau de l’insecte pour former une image complète et unique. Un œil d’une abeille contient 4500 petits yeux. Celui d’une libellule en a 15000: c’est l'œil le plus complexe chez les insectes !;La libellule a combien d'yeux de plus que l'abeille ?;;;
304;Les énormes yeux des insectes font quasiment le tour de leurs têtes. Ils voient donc en même temps vers l’avant, vers l’arrière, à droite, à gauche, vers le haut et vers le bas. Encore mieux qu’un casque de vision en 3D! En revanche, ils ne voient pas très net, parce que leur œil est constitué de centaines, ou même de milliers de petits yeux simples. Chacun de ces petits yeux est chargé de traiter une toute petite partie de l’environnement. Un petit œil produit un simple point d’une teinte et d’une intensité lumineuse données. Ces points sont ensuite assemblés les uns aux autres dans le cerveau de l’insecte pour former une image complète et unique. Un œil d’une abeille contient 4500 petits yeux. Celui d’une libellule en a 15000: c’est l'œil le plus complexe chez les insectes !;Qu'est-ce que 3D ?;;;
305;Les énormes yeux des insectes font quasiment le tour de leurs têtes. Ils voient donc en même temps vers l’avant, vers l’arrière, à droite, à gauche, vers le haut et vers le bas. Encore mieux qu’un casque de vision en 3D! En revanche, ils ne voient pas très net, parce que leur œil est constitué de centaines, ou même de milliers de petits yeux simples. Chacun de ces petits yeux est chargé de traiter une toute petite partie de l’environnement. Un petit œil produit un simple point d’une teinte et d’une intensité lumineuse données. Ces points sont ensuite assemblés les uns aux autres dans le cerveau de l’insecte pour former une image complète et unique. Un œil d’une abeille contient 4500 petits yeux. Celui d’une libellule en a 15000: c’est l'œil le plus complexe chez les insectes !;Que signifie complexe ?;;;
306;Les énormes yeux des insectes font quasiment le tour de leurs têtes. Ils voient donc en même temps vers l’avant, vers l’arrière, à droite, à gauche, vers le haut et vers le bas. Encore mieux qu’un casque de vision en 3D! En revanche, ils ne voient pas très net, parce que leur œil est constitué de centaines, ou même de milliers de petits yeux simples. Chacun de ces petits yeux est chargé de traiter une toute petite partie de l’environnement. Un petit œil produit un simple point d’une teinte et d’une intensité lumineuse données. Ces points sont ensuite assemblés les uns aux autres dans le cerveau de l’insecte pour former une image complète et unique. Un œil d’une abeille contient 4500 petits yeux. Celui d’une libellule en a 15000: c’est l'œil le plus complexe chez les insectes !;Qu'est-ce qu'une abeille ?;;;
307;Les énormes yeux des insectes font quasiment le tour de leurs têtes. Ils voient donc en même temps vers l’avant, vers l’arrière, à droite, à gauche, vers le haut et vers le bas. Encore mieux qu’un casque de vision en 3D! En revanche, ils ne voient pas très net, parce que leur œil est constitué de centaines, ou même de milliers de petits yeux simples. Chacun de ces petits yeux est chargé de traiter une toute petite partie de l’environnement. Un petit œil produit un simple point d’une teinte et d’une intensité lumineuse données. Ces points sont ensuite assemblés les uns aux autres dans le cerveau de l’insecte pour former une image complète et unique. Un œil d’une abeille contient 4500 petits yeux. Celui d’une libellule en a 15000: c’est l'œil le plus complexe chez les insectes !;Qu'est-ce qu'une libellule ?;;;
308;Les énormes yeux des insectes font quasiment le tour de leurs têtes. Ils voient donc en même temps vers l’avant, vers l’arrière, à droite, à gauche, vers le haut et vers le bas. Encore mieux qu’un casque de vision en 3D! En revanche, ils ne voient pas très net, parce que leur œil est constitué de centaines, ou même de milliers de petits yeux simples. Chacun de ces petits yeux est chargé de traiter une toute petite partie de l’environnement. Un petit œil produit un simple point d’une teinte et d’une intensité lumineuse données. Ces points sont ensuite assemblés les uns aux autres dans le cerveau de l’insecte pour former une image complète et unique. Un œil d’une abeille contient 4500 petits yeux. Celui d’une libellule en a 15000: c’est l'œil le plus complexe chez les insectes !;Que signifie net ?;;;
